{
  "CP950": [
    {
      "UNICODE": "0x0009"
    },
    {
      "UNICODE": "0x0021"
    },
    {
      "UNICODE": "0x0022"
    },
    {
      "UNICODE": "0x0023"
    },
    {
      "UNICODE": "0x0024"
    },
    {
      "UNICODE": "0x0025"
    },
    {
      "UNICODE": "0x0026"
    },
    {
      "UNICODE": "0x0027"
    },
    {
      "UNICODE": "0x0028"
    },
    {
      "UNICODE": "0x0029"
    },
    {
      "UNICODE": "0x002A"
    },
    {
      "UNICODE": "0x002B"
    },
    {
      "UNICODE": "0x002C"
    },
    {
      "UNICODE": "0x002D"
    },
    {
      "UNICODE": "0x002E"
    },
    {
      "UNICODE": "0x002F"
    },
    {
      "UNICODE": "0x0030"
    },
    {
      "UNICODE": "0x0031"
    },
    {
      "UNICODE": "0x0032"
    },
    {
      "UNICODE": "0x0033"
    },
    {
      "UNICODE": "0x0034"
    },
    {
      "UNICODE": "0x0035"
    },
    {
      "UNICODE": "0x0036"
    },
    {
      "UNICODE": "0x0037"
    },
    {
      "UNICODE": "0x0038"
    },
    {
      "UNICODE": "0x0039"
    },
    {
      "UNICODE": "0x003A"
    },
    {
      "UNICODE": "0x003B"
    },
    {
      "UNICODE": "0x003C"
    },
    {
      "UNICODE": "0x003D"
    },
    {
      "UNICODE": "0x003E"
    },
    {
      "UNICODE": "0x003F"
    },
    {
      "UNICODE": "0x0040"
    },
    {
      "UNICODE": "0x0041"
    },
    {
      "UNICODE": "0x0042"
    },
    {
      "UNICODE": "0x0043"
    },
    {
      "UNICODE": "0x0044"
    },
    {
      "UNICODE": "0x0045"
    },
    {
      "UNICODE": "0x0046"
    },
    {
      "UNICODE": "0x0047"
    },
    {
      "UNICODE": "0x0048"
    },
    {
      "UNICODE": "0x0049"
    },
    {
      "UNICODE": "0x004A"
    },
    {
      "UNICODE": "0x004B"
    },
    {
      "UNICODE": "0x004C"
    },
    {
      "UNICODE": "0x004D"
    },
    {
      "UNICODE": "0x004E"
    },
    {
      "UNICODE": "0x004F"
    },
    {
      "UNICODE": "0x0050"
    },
    {
      "UNICODE": "0x0051"
    },
    {
      "UNICODE": "0x0052"
    },
    {
      "UNICODE": "0x0053"
    },
    {
      "UNICODE": "0x0054"
    },
    {
      "UNICODE": "0x0055"
    },
    {
      "UNICODE": "0x0056"
    },
    {
      "UNICODE": "0x0057"
    },
    {
      "UNICODE": "0x0058"
    },
    {
      "UNICODE": "0x0059"
    },
    {
      "UNICODE": "0x005A"
    },
    {
      "UNICODE": "0x005B"
    },
    {
      "UNICODE": "0x005C"
    },
    {
      "UNICODE": "0x005D"
    },
    {
      "UNICODE": "0x005E"
    },
    {
      "UNICODE": "0x005F"
    },
    {
      "UNICODE": "0x0060"
    },
    {
      "UNICODE": "0x0061"
    },
    {
      "UNICODE": "0x0062"
    },
    {
      "UNICODE": "0x0063"
    },
    {
      "UNICODE": "0x0064"
    },
    {
      "UNICODE": "0x0065"
    },
    {
      "UNICODE": "0x0066"
    },
    {
      "UNICODE": "0x0067"
    },
    {
      "UNICODE": "0x0068"
    },
    {
      "UNICODE": "0x0069"
    },
    {
      "UNICODE": "0x006A"
    },
    {
      "UNICODE": "0x006B"
    },
    {
      "UNICODE": "0x006C"
    },
    {
      "UNICODE": "0x006D"
    },
    {
      "UNICODE": "0x006E"
    },
    {
      "UNICODE": "0x006F"
    },
    {
      "UNICODE": "0x0070"
    },
    {
      "UNICODE": "0x0071"
    },
    {
      "UNICODE": "0x0072"
    },
    {
      "UNICODE": "0x0073"
    },
    {
      "UNICODE": "0x0074"
    },
    {
      "UNICODE": "0x0075"
    },
    {
      "UNICODE": "0x0076"
    },
    {
      "UNICODE": "0x0077"
    },
    {
      "UNICODE": "0x0078"
    },
    {
      "UNICODE": "0x0079"
    },
    {
      "UNICODE": "0x007A"
    },
    {
      "UNICODE": "0x007B"
    },
    {
      "UNICODE": "0x007C"
    },
    {
      "UNICODE": "0x007D"
    },
    {
      "UNICODE": "0x007E"
    },
    {
      "UNICODE": "0x0080"
    },
    {
      "UNICODE": "0x0081"
    },
    {
      "UNICODE": "0x0082"
    },
    {
      "UNICODE": "0x0083"
    },
    {
      "UNICODE": "0x0084"
    },
    {
      "UNICODE": "0x0085"
    },
    {
      "UNICODE": "0x0086"
    },
    {
      "UNICODE": "0x0087"
    },
    {
      "UNICODE": "0x0088"
    },
    {
      "UNICODE": "0x0089"
    },
    {
      "UNICODE": "0x008A"
    },
    {
      "UNICODE": "0x008B"
    },
    {
      "UNICODE": "0x008C"
    },
    {
      "UNICODE": "0x008D"
    },
    {
      "UNICODE": "0x008E"
    },
    {
      "UNICODE": "0x008F"
    },
    {
      "UNICODE": "0x0090"
    },
    {
      "UNICODE": "0x0091"
    },
    {
      "UNICODE": "0x0092"
    },
    {
      "UNICODE": "0x0093"
    },
    {
      "UNICODE": "0x0094"
    },
    {
      "UNICODE": "0x0095"
    },
    {
      "UNICODE": "0x0096"
    },
    {
      "UNICODE": "0x0097"
    },
    {
      "UNICODE": "0x0098"
    },
    {
      "UNICODE": "0x0099"
    },
    {
      "UNICODE": "0x009A"
    },
    {
      "UNICODE": "0x009B"
    },
    {
      "UNICODE": "0x009C"
    },
    {
      "UNICODE": "0x009D"
    },
    {
      "UNICODE": "0x009E"
    },
    {
      "UNICODE": "0x009F"
    },
    {
      "UNICODE": "0x00A1"
    },
    {
      "UNICODE": "0x00A2"
    },
    {
      "UNICODE": "0x00A3"
    },
    {
      "UNICODE": "0x00A4"
    },
    {
      "UNICODE": "0x00A5"
    },
    {
      "UNICODE": "0x00A6"
    },
    {
      "UNICODE": "0x00A7"
    },
    {
      "UNICODE": "0x00A8"
    },
    {
      "UNICODE": "0x00A9"
    },
    {
      "UNICODE": "0x00AA"
    },
    {
      "UNICODE": "0x00AB"
    },
    {
      "UNICODE": "0x00AC"
    },
    {
      "UNICODE": "0x00AD"
    },
    {
      "UNICODE": "0x00AE"
    },
    {
      "UNICODE": "0x00AF"
    },
    {
      "UNICODE": "0x00B0"
    },
    {
      "UNICODE": "0x00B1"
    },
    {
      "UNICODE": "0x00B2"
    },
    {
      "UNICODE": "0x00B3"
    },
    {
      "UNICODE": "0x00B4"
    },
    {
      "UNICODE": "0x00B5"
    },
    {
      "UNICODE": "0x00B6"
    },
    {
      "UNICODE": "0x00B7"
    },
    {
      "UNICODE": "0x00B8"
    },
    {
      "UNICODE": "0x00B9"
    },
    {
      "UNICODE": "0x00BA"
    },
    {
      "UNICODE": "0x00BB"
    },
    {
      "UNICODE": "0x00BC"
    },
    {
      "UNICODE": "0x00BD"
    },
    {
      "UNICODE": "0x00BE"
    },
    {
      "UNICODE": "0x00BF"
    },
    {
      "UNICODE": "0x00C0"
    },
    {
      "UNICODE": "0x00C1"
    },
    {
      "UNICODE": "0x00C2"
    },
    {
      "UNICODE": "0x00C3"
    },
    {
      "UNICODE": "0x00C4"
    },
    {
      "UNICODE": "0x00C5"
    },
    {
      "UNICODE": "0x00C6"
    },
    {
      "UNICODE": "0x00C7"
    },
    {
      "UNICODE": "0x00C8"
    },
    {
      "UNICODE": "0x00C9"
    },
    {
      "UNICODE": "0x00CA"
    },
    {
      "UNICODE": "0x00CB"
    },
    {
      "UNICODE": "0x00CC"
    },
    {
      "UNICODE": "0x00CD"
    },
    {
      "UNICODE": "0x00CE"
    },
    {
      "UNICODE": "0x00CF"
    },
    {
      "UNICODE": "0x00D0"
    },
    {
      "UNICODE": "0x00D1"
    },
    {
      "UNICODE": "0x00D2"
    },
    {
      "UNICODE": "0x00D3"
    },
    {
      "UNICODE": "0x00D4"
    },
    {
      "UNICODE": "0x00D5"
    },
    {
      "UNICODE": "0x00D6"
    },
    {
      "UNICODE": "0x00D7"
    },
    {
      "UNICODE": "0x00D8"
    },
    {
      "UNICODE": "0x00D9"
    },
    {
      "UNICODE": "0x00DA"
    },
    {
      "UNICODE": "0x00DB"
    },
    {
      "UNICODE": "0x00DC"
    },
    {
      "UNICODE": "0x00DD"
    },
    {
      "UNICODE": "0x00DE"
    },
    {
      "UNICODE": "0x00DF"
    },
    {
      "UNICODE": "0x00E0"
    },
    {
      "UNICODE": "0x00E1"
    },
    {
      "UNICODE": "0x00E2"
    },
    {
      "UNICODE": "0x00E3"
    },
    {
      "UNICODE": "0x00E4"
    },
    {
      "UNICODE": "0x00E5"
    },
    {
      "UNICODE": "0x00E6"
    },
    {
      "UNICODE": "0x00E7"
    },
    {
      "UNICODE": "0x00E8"
    },
    {
      "UNICODE": "0x00E9"
    },
    {
      "UNICODE": "0x00EA"
    },
    {
      "UNICODE": "0x00EB"
    },
    {
      "UNICODE": "0x00EC"
    },
    {
      "UNICODE": "0x00ED"
    },
    {
      "UNICODE": "0x00EE"
    },
    {
      "UNICODE": "0x00EF"
    },
    {
      "UNICODE": "0x00F0"
    },
    {
      "UNICODE": "0x00F1"
    },
    {
      "UNICODE": "0x00F2"
    },
    {
      "UNICODE": "0x00F3"
    },
    {
      "UNICODE": "0x00F4"
    },
    {
      "UNICODE": "0x00F5"
    },
    {
      "UNICODE": "0x00F6"
    },
    {
      "UNICODE": "0x00F7"
    },
    {
      "UNICODE": "0x00F8"
    },
    {
      "UNICODE": "0x00F9"
    },
    {
      "UNICODE": "0x00FA"
    },
    {
      "UNICODE": "0x00FB"
    },
    {
      "UNICODE": "0x00FC"
    },
    {
      "UNICODE": "0x00FD"
    },
    {
      "UNICODE": "0x00FE"
    },
    {
      "UNICODE": "0x00FF"
    },
    {
      "UNICODE": "0x2014"
    },
    {
      "UNICODE": "0x2019"
    },
    {
      "UNICODE": "0x201C"
    },
    {
      "UNICODE": "0x201D"
    },
    {
      "UNICODE": "0x2026"
    },
    {
      "UNICODE": "0x2500"
    },
    {
      "UNICODE": "0x3000"
    },
    {
      "UNICODE": "0x3001"
    },
    {
      "UNICODE": "0x3002"
    },
    {
      "UNICODE": "0x3008"
    },
    {
      "UNICODE": "0x3009"
    },
    {
      "UNICODE": "0x300A"
    },
    {
      "UNICODE": "0x300B"
    },
    {
      "UNICODE": "0x300C"
    },
    {
      "UNICODE": "0x300D"
    },
    {
      "UNICODE": "0x300E"
    },
    {
      "UNICODE": "0x300F"
    },
    {
      "UNICODE": "0x3043"
    },
    {
      "UNICODE": "0x3044"
    },
    {
      "UNICODE": "0x3045"
    },
    {
      "UNICODE": "0x3046"
    },
    {
      "UNICODE": "0x3047"
    },
    {
      "UNICODE": "0x3048"
    },
    {
      "UNICODE": "0x3049"
    },
    {
      "UNICODE": "0x304A"
    },
    {
      "UNICODE": "0x304B"
    },
    {
      "UNICODE": "0x304C"
    },
    {
      "UNICODE": "0x304D"
    },
    {
      "UNICODE": "0x304E"
    },
    {
      "UNICODE": "0x304F"
    },
    {
      "UNICODE": "0x3050"
    },
    {
      "UNICODE": "0x3051"
    },
    {
      "UNICODE": "0x3052"
    },
    {
      "UNICODE": "0x3053"
    },
    {
      "UNICODE": "0x3054"
    },
    {
      "UNICODE": "0x3055"
    },
    {
      "UNICODE": "0x3056"
    },
    {
      "UNICODE": "0x3057"
    },
    {
      "UNICODE": "0x3058"
    },
    {
      "UNICODE": "0x3059"
    },
    {
      "UNICODE": "0x305A"
    },
    {
      "UNICODE": "0x305B"
    },
    {
      "UNICODE": "0x305C"
    },
    {
      "UNICODE": "0x305D"
    },
    {
      "UNICODE": "0x305E"
    },
    {
      "UNICODE": "0x305F"
    },
    {
      "UNICODE": "0x3060"
    },
    {
      "UNICODE": "0x3061"
    },
    {
      "UNICODE": "0x3062"
    },
    {
      "UNICODE": "0x3063"
    },
    {
      "UNICODE": "0x3064"
    },
    {
      "UNICODE": "0x3065"
    },
    {
      "UNICODE": "0x3066"
    },
    {
      "UNICODE": "0x3067"
    },
    {
      "UNICODE": "0x3068"
    },
    {
      "UNICODE": "0x3069"
    },
    {
      "UNICODE": "0x306A"
    },
    {
      "UNICODE": "0x306B"
    },
    {
      "UNICODE": "0x306C"
    },
    {
      "UNICODE": "0x306D"
    },
    {
      "UNICODE": "0x306E"
    },
    {
      "UNICODE": "0x306F"
    },
    {
      "UNICODE": "0x3070"
    },
    {
      "UNICODE": "0x3071"
    },
    {
      "UNICODE": "0x3072"
    },
    {
      "UNICODE": "0x3073"
    },
    {
      "UNICODE": "0x3074"
    },
    {
      "UNICODE": "0x3075"
    },
    {
      "UNICODE": "0x3076"
    },
    {
      "UNICODE": "0x3077"
    },
    {
      "UNICODE": "0x3078"
    },
    {
      "UNICODE": "0x3079"
    },
    {
      "UNICODE": "0x307A"
    },
    {
      "UNICODE": "0x307B"
    },
    {
      "UNICODE": "0x307C"
    },
    {
      "UNICODE": "0x307D"
    },
    {
      "UNICODE": "0x307E"
    },
    {
      "UNICODE": "0x307F"
    },
    {
      "UNICODE": "0x3080"
    },
    {
      "UNICODE": "0x3081"
    },
    {
      "UNICODE": "0x3082"
    },
    {
      "UNICODE": "0x3083"
    },
    {
      "UNICODE": "0x3084"
    },
    {
      "UNICODE": "0x3085"
    },
    {
      "UNICODE": "0x3086"
    },
    {
      "UNICODE": "0x3087"
    },
    {
      "UNICODE": "0x3088"
    },
    {
      "UNICODE": "0x3089"
    },
    {
      "UNICODE": "0x308A"
    },
    {
      "UNICODE": "0x308B"
    },
    {
      "UNICODE": "0x308C"
    },
    {
      "UNICODE": "0x308D"
    },
    {
      "UNICODE": "0x308E"
    },
    {
      "UNICODE": "0x308F"
    },
    {
      "UNICODE": "0x3090"
    },
    {
      "UNICODE": "0x3091"
    },
    {
      "UNICODE": "0x3092"
    },
    {
      "UNICODE": "0x3093"
    },
    {
      "UNICODE": "0x3094"
    },
    {
      "UNICODE": "0x3095"
    },
    {
      "UNICODE": "0x3096"
    },
    {
      "UNICODE": "0x3099"
    },
    {
      "UNICODE": "0x309A"
    },
    {
      "UNICODE": "0x309B"
    },
    {
      "UNICODE": "0x309C"
    },
    {
      "UNICODE": "0x309D"
    },
    {
      "UNICODE": "0x309E"
    },
    {
      "UNICODE": "0x309F"
    },
    {
      "UNICODE": "0x30A0"
    },
    {
      "UNICODE": "0x30A1"
    },
    {
      "UNICODE": "0x30A2"
    },
    {
      "UNICODE": "0x30A3"
    },
    {
      "UNICODE": "0x30A4"
    },
    {
      "UNICODE": "0x30A5"
    },
    {
      "UNICODE": "0x30A6"
    },
    {
      "UNICODE": "0x30A7"
    },
    {
      "UNICODE": "0x30A8"
    },
    {
      "UNICODE": "0x30A9"
    },
    {
      "UNICODE": "0x30AA"
    },
    {
      "UNICODE": "0x30AB"
    },
    {
      "UNICODE": "0x30AC"
    },
    {
      "UNICODE": "0x30AD"
    },
    {
      "UNICODE": "0x30AE"
    },
    {
      "UNICODE": "0x30AF"
    },
    {
      "UNICODE": "0x30B0"
    },
    {
      "UNICODE": "0x30B1"
    },
    {
      "UNICODE": "0x30B2"
    },
    {
      "UNICODE": "0x30B3"
    },
    {
      "UNICODE": "0x30B4"
    },
    {
      "UNICODE": "0x30B5"
    },
    {
      "UNICODE": "0x30B6"
    },
    {
      "UNICODE": "0x30B7"
    },
    {
      "UNICODE": "0x30B8"
    },
    {
      "UNICODE": "0x30B9"
    },
    {
      "UNICODE": "0x30BA"
    },
    {
      "UNICODE": "0x30BB"
    },
    {
      "UNICODE": "0x30BC"
    },
    {
      "UNICODE": "0x30BD"
    },
    {
      "UNICODE": "0x30BE"
    },
    {
      "UNICODE": "0x30BF"
    },
    {
      "UNICODE": "0x30C0"
    },
    {
      "UNICODE": "0x30C1"
    },
    {
      "UNICODE": "0x30C2"
    },
    {
      "UNICODE": "0x30C3"
    },
    {
      "UNICODE": "0x30C4"
    },
    {
      "UNICODE": "0x30C5"
    },
    {
      "UNICODE": "0x30C6"
    },
    {
      "UNICODE": "0x30C7"
    },
    {
      "UNICODE": "0x30C8"
    },
    {
      "UNICODE": "0x30C9"
    },
    {
      "UNICODE": "0x30CA"
    },
    {
      "UNICODE": "0x30CB"
    },
    {
      "UNICODE": "0x30CC"
    },
    {
      "UNICODE": "0x30CD"
    },
    {
      "UNICODE": "0x30CE"
    },
    {
      "UNICODE": "0x30CF"
    },
    {
      "UNICODE": "0x30D0"
    },
    {
      "UNICODE": "0x30D1"
    },
    {
      "UNICODE": "0x30D2"
    },
    {
      "UNICODE": "0x30D3"
    },
    {
      "UNICODE": "0x30D4"
    },
    {
      "UNICODE": "0x30D5"
    },
    {
      "UNICODE": "0x30D6"
    },
    {
      "UNICODE": "0x30D7"
    },
    {
      "UNICODE": "0x30D8"
    },
    {
      "UNICODE": "0x30D9"
    },
    {
      "UNICODE": "0x30DA"
    },
    {
      "UNICODE": "0x30DB"
    },
    {
      "UNICODE": "0x30DC"
    },
    {
      "UNICODE": "0x30DD"
    },
    {
      "UNICODE": "0x30DE"
    },
    {
      "UNICODE": "0x30DF"
    },
    {
      "UNICODE": "0x30E0"
    },
    {
      "UNICODE": "0x30E1"
    },
    {
      "UNICODE": "0x30E2"
    },
    {
      "UNICODE": "0x30E3"
    },
    {
      "UNICODE": "0x30E4"
    },
    {
      "UNICODE": "0x30E5"
    },
    {
      "UNICODE": "0x30E6"
    },
    {
      "UNICODE": "0x30E7"
    },
    {
      "UNICODE": "0x30E8"
    },
    {
      "UNICODE": "0x30E9"
    },
    {
      "UNICODE": "0x30EA"
    },
    {
      "UNICODE": "0x30EB"
    },
    {
      "UNICODE": "0x30EC"
    },
    {
      "UNICODE": "0x30ED"
    },
    {
      "UNICODE": "0x30EE"
    },
    {
      "UNICODE": "0x30EF"
    },
    {
      "UNICODE": "0x30F0"
    },
    {
      "UNICODE": "0x30F1"
    },
    {
      "UNICODE": "0x30F2"
    },
    {
      "UNICODE": "0x30F3"
    },
    {
      "UNICODE": "0x30F4"
    },
    {
      "UNICODE": "0x30F5"
    },
    {
      "UNICODE": "0x30F6"
    },
    {
      "UNICODE": "0x30F7"
    },
    {
      "UNICODE": "0x30F8"
    },
    {
      "UNICODE": "0x30F9"
    },
    {
      "UNICODE": "0x30FA"
    },
    {
      "UNICODE": "0x30FB"
    },
    {
      "UNICODE": "0x30FC"
    },
    {
      "UNICODE": "0x30FD"
    },
    {
      "UNICODE": "0x30FE"
    },
    {
      "UNICODE": "0x30FF"
    },
    {
      "UNICODE": "0x3105"
    },
    {
      "UNICODE": "0x3106"
    },
    {
      "UNICODE": "0x3107"
    },
    {
      "UNICODE": "0x3108"
    },
    {
      "UNICODE": "0x3109"
    },
    {
      "UNICODE": "0x310A"
    },
    {
      "UNICODE": "0x310B"
    },
    {
      "UNICODE": "0x310C"
    },
    {
      "UNICODE": "0x310D"
    },
    {
      "UNICODE": "0x310E"
    },
    {
      "UNICODE": "0x310F"
    },
    {
      "UNICODE": "0x3110"
    },
    {
      "UNICODE": "0x3111"
    },
    {
      "UNICODE": "0x3112"
    },
    {
      "UNICODE": "0x3113"
    },
    {
      "UNICODE": "0x3114"
    },
    {
      "UNICODE": "0x3115"
    },
    {
      "UNICODE": "0x3116"
    },
    {
      "UNICODE": "0x3117"
    },
    {
      "UNICODE": "0x3118"
    },
    {
      "UNICODE": "0x3119"
    },
    {
      "UNICODE": "0x311A"
    },
    {
      "UNICODE": "0x311B"
    },
    {
      "UNICODE": "0x311C"
    },
    {
      "UNICODE": "0x311D"
    },
    {
      "UNICODE": "0x311E"
    },
    {
      "UNICODE": "0x311F"
    },
    {
      "UNICODE": "0x3120"
    },
    {
      "UNICODE": "0x3121"
    },
    {
      "UNICODE": "0x3122"
    },
    {
      "UNICODE": "0x3123"
    },
    {
      "UNICODE": "0x3124"
    },
    {
      "UNICODE": "0x3125"
    },
    {
      "UNICODE": "0x3126"
    },
    {
      "UNICODE": "0x3127"
    },
    {
      "UNICODE": "0x3128"
    },
    {
      "UNICODE": "0x3129"
    },
    {
      "UNICODE": "0x4E00"
    },
    {
      "UNICODE": "0x4E03"
    },
    {
      "UNICODE": "0x4E09"
    },
    {
      "UNICODE": "0x4E0A"
    },
    {
      "UNICODE": "0x4E0B"
    },
    {
      "UNICODE": "0x4E0D"
    },
    {
      "UNICODE": "0x4E16"
    },
    {
      "UNICODE": "0x4E2D"
    },
    {
      "UNICODE": "0x4E39"
    },
    {
      "UNICODE": "0x4E3B"
    },
    {
      "UNICODE": "0x4E43"
    },
    {
      "UNICODE": "0x4E45"
    },
    {
      "UNICODE": "0x4E48"
    },
    {
      "UNICODE": "0x4E4B"
    },
    {
      "UNICODE": "0x4E4D"
    },
    {
      "UNICODE": "0x4E4E"
    },
    {
      "UNICODE": "0x4E58"
    },
    {
      "UNICODE": "0x4E59"
    },
    {
      "UNICODE": "0x4E5D"
    },
    {
      "UNICODE": "0x4E5F"
    },
    {
      "UNICODE": "0x4E88"
    },
    {
      "UNICODE": "0x4E8B"
    },
    {
      "UNICODE": "0x4E8C"
    },
    {
      "UNICODE": "0x4E8E"
    },
    {
      "UNICODE": "0x4E94"
    },
    {
      "UNICODE": "0x4EA4"
    },
    {
      "UNICODE": "0x4EA6"
    },
    {
      "UNICODE": "0x4EAC"
    },
    {
      "UNICODE": "0x4EBA"
    },
    {
      "UNICODE": "0x4EC1"
    },
    {
      "UNICODE": "0x4ECA"
    },
    {
      "UNICODE": "0x4ED9"
    },
    {
      "UNICODE": "0x4EDF"
    },
    {
      "UNICODE": "0x4EE4"
    },
    {
      "UNICODE": "0x4EE5"
    },
    {
      "UNICODE": "0x4EF0"
    },
    {
      "UNICODE": "0x4F0A"
    },
    {
      "UNICODE": "0x4F0D"
    },
    {
      "UNICODE": "0x4F15"
    },
    {
      "UNICODE": "0x4F34"
    },
    {
      "UNICODE": "0x4F3C"
    },
    {
      "UNICODE": "0x4F46"
    },
    {
      "UNICODE": "0x4F47"
    },
    {
      "UNICODE": "0x4F4E"
    },
    {
      "UNICODE": "0x4F4F"
    },
    {
      "UNICODE": "0x4F55"
    },
    {
      "UNICODE": "0x4F5C"
    },
    {
      "UNICODE": "0x4F69"
    },
    {
      "UNICODE": "0x4F70"
    },
    {
      "UNICODE": "0x4F73"
    },
    {
      "UNICODE": "0x4F7F"
    },
    {
      "UNICODE": "0x4F86"
    },
    {
      "UNICODE": "0x4F8D"
    },
    {
      "UNICODE": "0x4F9D"
    },
    {
      "UNICODE": "0x4FB6"
    },
    {
      "UNICODE": "0x4FC3"
    },
    {
      "UNICODE": "0x4FCA"
    },
    {
      "UNICODE": "0x4FDE"
    },
    {
      "UNICODE": "0x4FE1"
    },
    {
      "UNICODE": "0x4FEE"
    },
    {
      "UNICODE": "0x4FEF"
    },
    {
      "UNICODE": "0x501A"
    },
    {
      "UNICODE": "0x501F"
    },
    {
      "UNICODE": "0x504F"
    },
    {
      "UNICODE": "0x5055"
    },
    {
      "UNICODE": "0x505C"
    },
    {
      "UNICODE": "0x5074"
    },
    {
      "UNICODE": "0x5085"
    },
    {
      "UNICODE": "0x508D"
    },
    {
      "UNICODE": "0x50B3"
    },
    {
      "UNICODE": "0x50B7"
    },
    {
      "UNICODE": "0x50BE"
    },
    {
      "UNICODE": "0x50CF"
    },
    {
      "UNICODE": "0x50D5"
    },
    {
      "UNICODE": "0x50FB"
    },
    {
      "UNICODE": "0x5100"
    },
    {
      "UNICODE": "0x5104"
    },
    {
      "UNICODE": "0x5112"
    },
    {
      "UNICODE": "0x5114"
    },
    {
      "UNICODE": "0x513C"
    },
    {
      "UNICODE": "0x5144"
    },
    {
      "UNICODE": "0x5148"
    },
    {
      "UNICODE": "0x5149"
    },
    {
      "UNICODE": "0x514B"
    },
    {
      "UNICODE": "0x5152"
    },
    {
      "UNICODE": "0x5154"
    },
    {
      "UNICODE": "0x5165"
    },
    {
      "UNICODE": "0x5167"
    },
    {
      "UNICODE": "0x5169"
    },
    {
      "UNICODE": "0x516B"
    },
    {
      "UNICODE": "0x516D"
    },
    {
      "UNICODE": "0x516E"
    },
    {
      "UNICODE": "0x5171"
    },
    {
      "UNICODE": "0x5175"
    },
    {
      "UNICODE": "0x5176"
    },
    {
      "UNICODE": "0x5180"
    },
    {
      "UNICODE": "0x51A0"
    },
    {
      "UNICODE": "0x51B7"
    },
    {
      "UNICODE": "0x51CC"
    },
    {
      "UNICODE": "0x51DD"
    },
    {
      "UNICODE": "0x51F1"
    },
    {
      "UNICODE": "0x51FA"
    },
    {
      "UNICODE": "0x5200"
    },
    {
      "UNICODE": "0x5206"
    },
    {
      "UNICODE": "0x5207"
    },
    {
      "UNICODE": "0x5217"
    },
    {
      "UNICODE": "0x521D"
    },
    {
      "UNICODE": "0x5225"
    },
    {
      "UNICODE": "0x5229"
    },
    {
      "UNICODE": "0x5230"
    },
    {
      "UNICODE": "0x5247"
    },
    {
      "UNICODE": "0x524A"
    },
    {
      "UNICODE": "0x524D"
    },
    {
      "UNICODE": "0x5287"
    },
    {
      "UNICODE": "0x528D"
    },
    {
      "UNICODE": "0x529B"
    },
    {
      "UNICODE": "0x52A0"
    },
    {
      "UNICODE": "0x52D5"
    },
    {
      "UNICODE": "0x52DD"
    },
    {
      "UNICODE": "0x52E4"
    },
    {
      "UNICODE": "0x52F3"
    },
    {
      "UNICODE": "0x530F"
    },
    {
      "UNICODE": "0x5317"
    },
    {
      "UNICODE": "0x5339"
    },
    {
      "UNICODE": "0x5341"
    },
    {
      "UNICODE": "0x5343"
    },
    {
      "UNICODE": "0x5347"
    },
    {
      "UNICODE": "0x534A"
    },
    {
      "UNICODE": "0x5357"
    },
    {
      "UNICODE": "0x5371"
    },
    {
      "UNICODE": "0x5377"
    },
    {
      "UNICODE": "0x537B"
    },
    {
      "UNICODE": "0x53B2"
    },
    {
      "UNICODE": "0x53BB"
    },
    {
      "UNICODE": "0x53C3"
    },
    {
      "UNICODE": "0x53C4"
    },
    {
      "UNICODE": "0x53C8"
    },
    {
      "UNICODE": "0x53CA"
    },
    {
      "UNICODE": "0x53D6"
    },
    {
      "UNICODE": "0x53E3"
    },
    {
      "UNICODE": "0x53E4"
    },
    {
      "UNICODE": "0x53E9"
    },
    {
      "UNICODE": "0x53EF"
    },
    {
      "UNICODE": "0x53F3"
    },
    {
      "UNICODE": "0x53F8"
    },
    {
      "UNICODE": "0x5408"
    },
    {
      "UNICODE": "0x540C"
    },
    {
      "UNICODE": "0x540D"
    },
    {
      "UNICODE": "0x540E"
    },
    {
      "UNICODE": "0x5410"
    },
    {
      "UNICODE": "0x5411"
    },
    {
      "UNICODE": "0x541B"
    },
    {
      "UNICODE": "0x541F"
    },
    {
      "UNICODE": "0x542B"
    },
    {
      "UNICODE": "0x5433"
    },
    {
      "UNICODE": "0x5439"
    },
    {
      "UNICODE": "0x543E"
    },
    {
      "UNICODE": "0x5448"
    },
    {
      "UNICODE": "0x544A"
    },
    {
      "UNICODE": "0x547C"
    },
    {
      "UNICODE": "0x547D"
    },
    {
      "UNICODE": "0x548C"
    },
    {
      "UNICODE": "0x54BD"
    },
    {
      "UNICODE": "0x54C0"
    },
    {
      "UNICODE": "0x54F3"
    },
    {
      "UNICODE": "0x5527"
    },
    {
      "UNICODE": "0x552F"
    },
    {
      "UNICODE": "0x5546"
    },
    {
      "UNICODE": "0x554F"
    },
    {
      "UNICODE": "0x555E"
    },
    {
      "UNICODE": "0x557C"
    },
    {
      "UNICODE": "0x557E"
    },
    {
      "UNICODE": "0x5584"
    },
    {
      "UNICODE": "0x559A"
    },
    {
      "UNICODE": "0x55AC"
    },
    {
      "UNICODE": "0x55DF"
    },
    {
      "UNICODE": "0x5606"
    },
    {
      "UNICODE": "0x5608"
    },
    {
      "UNICODE": "0x5614"
    },
    {
      "UNICODE": "0x562F"
    },
    {
      "UNICODE": "0x5632"
    },
    {
      "UNICODE": "0x56DB"
    },
    {
      "UNICODE": "0x56DE"
    },
    {
      "UNICODE": "0x570B"
    },
    {
      "UNICODE": "0x5712"
    },
    {
      "UNICODE": "0x5716"
    },
    {
      "UNICODE": "0x571F"
    },
    {
      "UNICODE": "0x5728"
    },
    {
      "UNICODE": "0x5730"
    },
    {
      "UNICODE": "0x5747"
    },
    {
      "UNICODE": "0x574A"
    },
    {
      "UNICODE": "0x5750"
    },
    {
      "UNICODE": "0x5761"
    },
    {
      "UNICODE": "0x5782"
    },
    {
      "UNICODE": "0x57C3"
    },
    {
      "UNICODE": "0x57CE"
    },
    {
      "UNICODE": "0x57DF"
    },
    {
      "UNICODE": "0x57F7"
    },
    {
      "UNICODE": "0x57F9"
    },
    {
      "UNICODE": "0x5802"
    },
    {
      "UNICODE": "0x5805"
    },
    {
      "UNICODE": "0x582F"
    },
    {
      "UNICODE": "0x5831"
    },
    {
      "UNICODE": "0x5857"
    },
    {
      "UNICODE": "0x5875"
    },
    {
      "UNICODE": "0x589E"
    },
    {
      "UNICODE": "0x58EB"
    },
    {
      "UNICODE": "0x58EF"
    },
    {
      "UNICODE": "0x58F9"
    },
    {
      "UNICODE": "0x5915"
    },
    {
      "UNICODE": "0x5916"
    },
    {
      "UNICODE": "0x591A"
    },
    {
      "UNICODE": "0x591C"
    },
    {
      "UNICODE": "0x5922"
    },
    {
      "UNICODE": "0x5927"
    },
    {
      "UNICODE": "0x5929"
    },
    {
      "UNICODE": "0x592A"
    },
    {
      "UNICODE": "0x592E"
    },
    {
      "UNICODE": "0x5937"
    },
    {
      "UNICODE": "0x593E"
    },
    {
      "UNICODE": "0x5947"
    },
    {
      "UNICODE": "0x5948"
    },
    {
      "UNICODE": "0x5954"
    },
    {
      "UNICODE": "0x5973"
    },
    {
      "UNICODE": "0x5982"
    },
    {
      "UNICODE": "0x5983"
    },
    {
      "UNICODE": "0x5992"
    },
    {
      "UNICODE": "0x599D"
    },
    {
      "UNICODE": "0x59AE"
    },
    {
      "UNICODE": "0x59B9"
    },
    {
      "UNICODE": "0x59BE"
    },
    {
      "UNICODE": "0x59CA"
    },
    {
      "UNICODE": "0x59CB"
    },
    {
      "UNICODE": "0x59D4"
    },
    {
      "UNICODE": "0x59E8"
    },
    {
      "UNICODE": "0x59FF"
    },
    {
      "UNICODE": "0x5A18"
    },
    {
      "UNICODE": "0x5A1C"
    },
    {
      "UNICODE": "0x5A1F"
    },
    {
      "UNICODE": "0x5A25"
    },
    {
      "UNICODE": "0x5A40"
    },
    {
      "UNICODE": "0x5A49"
    },
    {
      "UNICODE": "0x5A66"
    },
    {
      "UNICODE": "0x5A77"
    },
    {
      "UNICODE": "0x5A92"
    },
    {
      "UNICODE": "0x5A9A"
    },
    {
      "UNICODE": "0x5AA7"
    },
    {
      "UNICODE": "0x5AC1"
    },
    {
      "UNICODE": "0x5B09"
    },
    {
      "UNICODE": "0x5B0C"
    },
    {
      "UNICODE": "0x5B50"
    },
    {
      "UNICODE": "0x5B57"
    },
    {
      "UNICODE": "0x5B64"
    },
    {
      "UNICODE": "0x5B78"
    },
    {
      "UNICODE": "0x5B85"
    },
    {
      "UNICODE": "0x5B87"
    },
    {
      "UNICODE": "0x5B88"
    },
    {
      "UNICODE": "0x5B89"
    },
    {
      "UNICODE": "0x5B8B"
    },
    {
      "UNICODE": "0x5B93"
    },
    {
      "UNICODE": "0x5B9B"
    },
    {
      "UNICODE": "0x5BA2"
    },
    {
      "UNICODE": "0x5BA3"
    },
    {
      "UNICODE": "0x5BAE"
    },
    {
      "UNICODE": "0x5BB4"
    },
    {
      "UNICODE": "0x5BB5"
    },
    {
      "UNICODE": "0x5BB6"
    },
    {
      "UNICODE": "0x5BB9"
    },
    {
      "UNICODE": "0x5BBF"
    },
    {
      "UNICODE": "0x5BC2"
    },
    {
      "UNICODE": "0x5BC4"
    },
    {
      "UNICODE": "0x5BD0"
    },
    {
      "UNICODE": "0x5BD2"
    },
    {
      "UNICODE": "0x5BDE"
    },
    {
      "UNICODE": "0x5BDF"
    },
    {
      "UNICODE": "0x5BE6"
    },
    {
      "UNICODE": "0x5BE7"
    },
    {
      "UNICODE": "0x5BF0"
    },
    {
      "UNICODE": "0x5BF5"
    },
    {
      "UNICODE": "0x5C07"
    },
    {
      "UNICODE": "0x5C08"
    },
    {
      "UNICODE": "0x5C0B"
    },
    {
      "UNICODE": "0x5C0D"
    },
    {
      "UNICODE": "0x5C0F"
    },
    {
      "UNICODE": "0x5C11"
    },
    {
      "UNICODE": "0x5C1A"
    },
    {
      "UNICODE": "0x5C31"
    },
    {
      "UNICODE": "0x5C39"
    },
    {
      "UNICODE": "0x5C45"
    },
    {
      "UNICODE": "0x5C4B"
    },
    {
      "UNICODE": "0x5C4F"
    },
    {
      "UNICODE": "0x5C65"
    },
    {
      "UNICODE": "0x5C6C"
    },
    {
      "UNICODE": "0x5C71"
    },
    {
      "UNICODE": "0x5CA1"
    },
    {
      "UNICODE": "0x5CE8"
    },
    {
      "UNICODE": "0x5D4B"
    },
    {
      "UNICODE": "0x5D6C"
    },
    {
      "UNICODE": "0x5DD6"
    },
    {
      "UNICODE": "0x5DDD"
    },
    {
      "UNICODE": "0x5DDE"
    },
    {
      "UNICODE": "0x5DE6"
    },
    {
      "UNICODE": "0x5DEE"
    },
    {
      "UNICODE": "0x5DF2"
    },
    {
      "UNICODE": "0x5E02"
    },
    {
      "UNICODE": "0x5E16"
    },
    {
      "UNICODE": "0x5E1B"
    },
    {
      "UNICODE": "0x5E1D"
    },
    {
      "UNICODE": "0x5E2B"
    },
    {
      "UNICODE": "0x5E33"
    },
    {
      "UNICODE": "0x5E36"
    },
    {
      "UNICODE": "0x5E38"
    },
    {
      "UNICODE": "0x5E72"
    },
    {
      "UNICODE": "0x5E73"
    },
    {
      "UNICODE": "0x5E74"
    },
    {
      "UNICODE": "0x5E7D"
    },
    {
      "UNICODE": "0x5E8A"
    },
    {
      "UNICODE": "0x5E95"
    },
    {
      "UNICODE": "0x5EA6"
    },
    {
      "UNICODE": "0x5EA7"
    },
    {
      "UNICODE": "0x5EAD"
    },
    {
      "UNICODE": "0x5EC2"
    },
    {
      "UNICODE": "0x5EF6"
    },
    {
      "UNICODE": "0x5EF7"
    },
    {
      "UNICODE": "0x5F0F"
    },
    {
      "UNICODE": "0x5F17"
    },
    {
      "UNICODE": "0x5F1F"
    },
    {
      "UNICODE": "0x5F35"
    },
    {
      "UNICODE": "0x5F48"
    },
    {
      "UNICODE": "0x5F4A"
    },
    {
      "UNICODE": "0x5F4C"
    },
    {
      "UNICODE": "0x5F62"
    },
    {
      "UNICODE": "0x5F69"
    },
    {
      "UNICODE": "0x5F77"
    },
    {
      "UNICODE": "0x5F7C"
    },
    {
      "UNICODE": "0x5F80"
    },
    {
      "UNICODE": "0x5F81"
    },
    {
      "UNICODE": "0x5F8A"
    },
    {
      "UNICODE": "0x5F8C"
    },
    {
      "UNICODE": "0x5F90"
    },
    {
      "UNICODE": "0x5F97"
    },
    {
      "UNICODE": "0x5F98"
    },
    {
      "UNICODE": "0x5F99"
    },
    {
      "UNICODE": "0x5F9E"
    },
    {
      "UNICODE": "0x5FA1"
    },
    {
      "UNICODE": "0x5FA8"
    },
    {
      "UNICODE": "0x5FA9"
    },
    {
      "UNICODE": "0x5FAE"
    },
    {
      "UNICODE": "0x5FC3"
    },
    {
      "UNICODE": "0x5FC5"
    },
    {
      "UNICODE": "0x5FD7"
    },
    {
      "UNICODE": "0x5FD8"
    },
    {
      "UNICODE": "0x5FFD"
    },
    {
      "UNICODE": "0x601D"
    },
    {
      "UNICODE": "0x6021"
    },
    {
      "UNICODE": "0x6025"
    },
    {
      "UNICODE": "0x6028"
    },
    {
      "UNICODE": "0x6068"
    },
    {
      "UNICODE": "0x6069"
    },
    {
      "UNICODE": "0x606F"
    },
    {
      "UNICODE": "0x6084"
    },
    {
      "UNICODE": "0x6085"
    },
    {
      "UNICODE": "0x609F"
    },
    {
      "UNICODE": "0x60A0"
    },
    {
      "UNICODE": "0x60B5"
    },
    {
      "UNICODE": "0x60BC"
    },
    {
      "UNICODE": "0x60C5"
    },
    {
      "UNICODE": "0x60F3"
    },
    {
      "UNICODE": "0x60F6"
    },
    {
      "UNICODE": "0x6101"
    },
    {
      "UNICODE": "0x611B"
    },
    {
      "UNICODE": "0x611F"
    },
    {
      "UNICODE": "0x614B"
    },
    {
      "UNICODE": "0x6155"
    },
    {
      "UNICODE": "0x6158"
    },
    {
      "UNICODE": "0x6162"
    },
    {
      "UNICODE": "0x6167"
    },
    {
      "UNICODE": "0x6176"
    },
    {
      "UNICODE": "0x6190"
    },
    {
      "UNICODE": "0x61B6"
    },
    {
      "UNICODE": "0x61C9"
    },
    {
      "UNICODE": "0x61F7"
    },
    {
      "UNICODE": "0x61FC"
    },
    {
      "UNICODE": "0x620E"
    },
    {
      "UNICODE": "0x6210"
    },
    {
      "UNICODE": "0x6211"
    },
    {
      "UNICODE": "0x6216"
    },
    {
      "UNICODE": "0x6230"
    },
    {
      "UNICODE": "0x6232"
    },
    {
      "UNICODE": "0x6234"
    },
    {
      "UNICODE": "0x6236"
    },
    {
      "UNICODE": "0x623F"
    },
    {
      "UNICODE": "0x6240"
    },
    {
      "UNICODE": "0x6243"
    },
    {
      "UNICODE": "0x6247"
    },
    {
      "UNICODE": "0x624B"
    },
    {
      "UNICODE": "0x624D"
    },
    {
      "UNICODE": "0x6276"
    },
    {
      "UNICODE": "0x627F"
    },
    {
      "UNICODE": "0x6291"
    },
    {
      "UNICODE": "0x6297"
    },
    {
      "UNICODE": "0x6298"
    },
    {
      "UNICODE": "0x62AB"
    },
    {
      "UNICODE": "0x62B1"
    },
    {
      "UNICODE": "0x62B9"
    },
    {
      "UNICODE": "0x62FE"
    },
    {
      "UNICODE": "0x6301"
    },
    {
      "UNICODE": "0x6307"
    },
    {
      "UNICODE": "0x6311"
    },
    {
      "UNICODE": "0x632F"
    },
    {
      "UNICODE": "0x634C"
    },
    {
      "UNICODE": "0x6383"
    },
    {
      "UNICODE": "0x6392"
    },
    {
      "UNICODE": "0x63A1"
    },
    {
      "UNICODE": "0x63A5"
    },
    {
      "UNICODE": "0x63A8"
    },
    {
      "UNICODE": "0x63A9"
    },
    {
      "UNICODE": "0x63D2"
    },
    {
      "UNICODE": "0x63DA"
    },
    {
      "UNICODE": "0x63F4"
    },
    {
      "UNICODE": "0x6414"
    },
    {
      "UNICODE": "0x6416"
    },
    {
      "UNICODE": "0x649A"
    },
    {
      "UNICODE": "0x64A5"
    },
    {
      "UNICODE": "0x64B2"
    },
    {
      "UNICODE": "0x64CA"
    },
    {
      "UNICODE": "0x64D8"
    },
    {
      "UNICODE": "0x650F"
    },
    {
      "UNICODE": "0x6518"
    },
    {
      "UNICODE": "0x651C"
    },
    {
      "UNICODE": "0x652C"
    },
    {
      "UNICODE": "0x6536"
    },
    {
      "UNICODE": "0x653E"
    },
    {
      "UNICODE": "0x6545"
    },
    {
      "UNICODE": "0x6548"
    },
    {
      "UNICODE": "0x6551"
    },
    {
      "UNICODE": "0x6559"
    },
    {
      "UNICODE": "0x6563"
    },
    {
      "UNICODE": "0x656C"
    },
    {
      "UNICODE": "0x6574"
    },
    {
      "UNICODE": "0x6578"
    },
    {
      "UNICODE": "0x6582"
    },
    {
      "UNICODE": "0x6587"
    },
    {
      "UNICODE": "0x6590"
    },
    {
      "UNICODE": "0x65AF"
    },
    {
      "UNICODE": "0x65B0"
    },
    {
      "UNICODE": "0x65B7"
    },
    {
      "UNICODE": "0x65B9"
    },
    {
      "UNICODE": "0x65BC"
    },
    {
      "UNICODE": "0x65C4"
    },
    {
      "UNICODE": "0x65CB"
    },
    {
      "UNICODE": "0x65CC"
    },
    {
      "UNICODE": "0x65D7"
    },
    {
      "UNICODE": "0x65E2"
    },
    {
      "UNICODE": "0x65E5"
    },
    {
      "UNICODE": "0x65E6"
    },
    {
      "UNICODE": "0x65E9"
    },
    {
      "UNICODE": "0x6609"
    },
    {
      "UNICODE": "0x660E"
    },
    {
      "UNICODE": "0x661F"
    },
    {
      "UNICODE": "0x6625"
    },
    {
      "UNICODE": "0x6628"
    },
    {
      "UNICODE": "0x662D"
    },
    {
      "UNICODE": "0x662F"
    },
    {
      "UNICODE": "0x6642"
    },
    {
      "UNICODE": "0x666F"
    },
    {
      "UNICODE": "0x6684"
    },
    {
      "UNICODE": "0x6687"
    },
    {
      "UNICODE": "0x6696"
    },
    {
      "UNICODE": "0x6697"
    },
    {
      "UNICODE": "0x66AB"
    },
    {
      "UNICODE": "0x66AE"
    },
    {
      "UNICODE": "0x66D9"
    },
    {
      "UNICODE": "0x66DC"
    },
    {
      "UNICODE": "0x66E0"
    },
    {
      "UNICODE": "0x66F0"
    },
    {
      "UNICODE": "0x66F2"
    },
    {
      "UNICODE": "0x66F3"
    },
    {
      "UNICODE": "0x66F4"
    },
    {
      "UNICODE": "0x66F8"
    },
    {
      "UNICODE": "0x66FE"
    },
    {
      "UNICODE": "0x66FF"
    },
    {
      "UNICODE": "0x6700"
    },
    {
      "UNICODE": "0x6703"
    },
    {
      "UNICODE": "0x6708"
    },
    {
      "UNICODE": "0x6709"
    },
    {
      "UNICODE": "0x670D"
    },
    {
      "UNICODE": "0x6714"
    },
    {
      "UNICODE": "0x6717"
    },
    {
      "UNICODE": "0x671B"
    },
    {
      "UNICODE": "0x671D"
    },
    {
      "UNICODE": "0x671F"
    },
    {
      "UNICODE": "0x6728"
    },
    {
      "UNICODE": "0x672A"
    },
    {
      "UNICODE": "0x672C"
    },
    {
      "UNICODE": "0x6731"
    },
    {
      "UNICODE": "0x674E"
    },
    {
      "UNICODE": "0x6751"
    },
    {
      "UNICODE": "0x675C"
    },
    {
      "UNICODE": "0x6771"
    },
    {
      "UNICODE": "0x677C"
    },
    {
      "UNICODE": "0x6795"
    },
    {
      "UNICODE": "0x6797"
    },
    {
      "UNICODE": "0x679D"
    },
    {
      "UNICODE": "0x67D2"
    },
    {
      "UNICODE": "0x67D4"
    },
    {
      "UNICODE": "0x67DD"
    },
    {
      "UNICODE": "0x67F3"
    },
    {
      "UNICODE": "0x6842"
    },
    {
      "UNICODE": "0x6843"
    },
    {
      "UNICODE": "0x6850"
    },
    {
      "UNICODE": "0x6853"
    },
    {
      "UNICODE": "0x6881"
    },
    {
      "UNICODE": "0x68A7"
    },
    {
      "UNICODE": "0x68A8"
    },
    {
      "UNICODE": "0x68C4"
    },
    {
      "UNICODE": "0x68E7"
    },
    {
      "UNICODE": "0x6912"
    },
    {
      "UNICODE": "0x694A"
    },
    {
      "UNICODE": "0x6953"
    },
    {
      "UNICODE": "0x695A"
    },
    {
      "UNICODE": "0x69AE"
    },
    {
      "UNICODE": "0x69CD"
    },
    {
      "UNICODE": "0x6A02"
    },
    {
      "UNICODE": "0x6A13"
    },
    {
      "UNICODE": "0x6A5F"
    },
    {
      "UNICODE": "0x6B0A"
    },
    {
      "UNICODE": "0x6B32"
    },
    {
      "UNICODE": "0x6B3A"
    },
    {
      "UNICODE": "0x6B3E"
    },
    {
      "UNICODE": "0x6B47"
    },
    {
      "UNICODE": "0x6B4C"
    },
    {
      "UNICODE": "0x6B4E"
    },
    {
      "UNICODE": "0x6B61"
    },
    {
      "UNICODE": "0x6B62"
    },
    {
      "UNICODE": "0x6B63"
    },
    {
      "UNICODE": "0x6B64"
    },
    {
      "UNICODE": "0x6B65"
    },
    {
      "UNICODE": "0x6B72"
    },
    {
      "UNICODE": "0x6B78"
    },
    {
      "UNICODE": "0x6B7B"
    },
    {
      "UNICODE": "0x6B86"
    },
    {
      "UNICODE": "0x6B8A"
    },
    {
      "UNICODE": "0x6BB7"
    },
    {
      "UNICODE": "0x6BBF"
    },
    {
      "UNICODE": "0x6BCD"
    },
    {
      "UNICODE": "0x6BCF"
    },
    {
      "UNICODE": "0x6BD4"
    },
    {
      "UNICODE": "0x6C11"
    },
    {
      "UNICODE": "0x6C23"
    },
    {
      "UNICODE": "0x6C34"
    },
    {
      "UNICODE": "0x6C38"
    },
    {
      "UNICODE": "0x6C42"
    },
    {
      "UNICODE": "0x6C57"
    },
    {
      "UNICODE": "0x6C5F"
    },
    {
      "UNICODE": "0x6C60"
    },
    {
      "UNICODE": "0x6C61"
    },
    {
      "UNICODE": "0x6C89"
    },
    {
      "UNICODE": "0x6C9A"
    },
    {
      "UNICODE": "0x6CB3"
    },
    {
      "UNICODE": "0x6CBE"
    },
    {
      "UNICODE": "0x6CC9"
    },
    {
      "UNICODE": "0x6CE2"
    },
    {
      "UNICODE": "0x6CE3"
    },
    {
      "UNICODE": "0x6CE5"
    },
    {
      "UNICODE": "0x6D17"
    },
    {
      "UNICODE": "0x6D1B"
    },
    {
      "UNICODE": "0x6D41"
    },
    {
      "UNICODE": "0x6D69"
    },
    {
      "UNICODE": "0x6D6A"
    },
    {
      "UNICODE": "0x6D6E"
    },
    {
      "UNICODE": "0x6D74"
    },
    {
      "UNICODE": "0x6D77"
    },
    {
      "UNICODE": "0x6D78"
    },
    {
      "UNICODE": "0x6D95"
    },
    {
      "UNICODE": "0x6DAF"
    },
    {
      "UNICODE": "0x6DB2"
    },
    {
      "UNICODE": "0x6DD1"
    },
    {
      "UNICODE": "0x6DD2"
    },
    {
      "UNICODE": "0x6DDA"
    },
    {
      "UNICODE": "0x6DE5"
    },
    {
      "UNICODE": "0x6DEA"
    },
    {
      "UNICODE": "0x6DF1"
    },
    {
      "UNICODE": "0x6DF5"
    },
    {
      "UNICODE": "0x6DFB"
    },
    {
      "UNICODE": "0x6E05"
    },
    {
      "UNICODE": "0x6E1A"
    },
    {
      "UNICODE": "0x6E38"
    },
    {
      "UNICODE": "0x6E3A"
    },
    {
      "UNICODE": "0x6E4D"
    },
    {
      "UNICODE": "0x6E53"
    },
    {
      "UNICODE": "0x6E58"
    },
    {
      "UNICODE": "0x6EAB"
    },
    {
      "UNICODE": "0x6EAF"
    },
    {
      "UNICODE": "0x6EBC"
    },
    {
      "UNICODE": "0x6ED1"
    },
    {
      "UNICODE": "0x6EF8"
    },
    {
      "UNICODE": "0x6EFF"
    },
    {
      "UNICODE": "0x6F01"
    },
    {
      "UNICODE": "0x6F22"
    },
    {
      "UNICODE": "0x6F2B"
    },
    {
      "UNICODE": "0x6F3F"
    },
    {
      "UNICODE": "0x6F5B"
    },
    {
      "UNICODE": "0x6F64"
    },
    {
      "UNICODE": "0x6F6F"
    },
    {
      "UNICODE": "0x6F80"
    },
    {
      "UNICODE": "0x6FA4"
    },
    {
      "UNICODE": "0x6FD5"
    },
    {
      "UNICODE": "0x6FDF"
    },
    {
      "UNICODE": "0x6FF1"
    },
    {
      "UNICODE": "0x6FFA"
    },
    {
      "UNICODE": "0x7028"
    },
    {
      "UNICODE": "0x7058"
    },
    {
      "UNICODE": "0x706B"
    },
    {
      "UNICODE": "0x707C"
    },
    {
      "UNICODE": "0x70BA"
    },
    {
      "UNICODE": "0x70C8"
    },
    {
      "UNICODE": "0x7109"
    },
    {
      "UNICODE": "0x7121"
    },
    {
      "UNICODE": "0x7136"
    },
    {
      "UNICODE": "0x7159"
    },
    {
      "UNICODE": "0x7167"
    },
    {
      "UNICODE": "0x7169"
    },
    {
      "UNICODE": "0x71C8"
    },
    {
      "UNICODE": "0x71D5"
    },
    {
      "UNICODE": "0x722D"
    },
    {
      "UNICODE": "0x7232"
    },
    {
      "UNICODE": "0x7236"
    },
    {
      "UNICODE": "0x723A"
    },
    {
      "UNICODE": "0x723E"
    },
    {
      "UNICODE": "0x725B"
    },
    {
      "UNICODE": "0x7269"
    },
    {
      "UNICODE": "0x727D"
    },
    {
      "UNICODE": "0x72C0"
    },
    {
      "UNICODE": "0x72C4"
    },
    {
      "UNICODE": "0x72D0"
    },
    {
      "UNICODE": "0x7317"
    },
    {
      "UNICODE": "0x7336"
    },
    {
      "UNICODE": "0x733F"
    },
    {
      "UNICODE": "0x7368"
    },
    {
      "UNICODE": "0x737B"
    },
    {
      "UNICODE": "0x7384"
    },
    {
      "UNICODE": "0x7389"
    },
    {
      "UNICODE": "0x738B"
    },
    {
      "UNICODE": "0x7396"
    },
    {
      "UNICODE": "0x73B2"
    },
    {
      "UNICODE": "0x73CA"
    },
    {
      "UNICODE": "0x73E0"
    },
    {
      "UNICODE": "0x73E5"
    },
    {
      "UNICODE": "0x73F6"
    },
    {
      "UNICODE": "0x7406"
    },
    {
      "UNICODE": "0x741A"
    },
    {
      "UNICODE": "0x7435"
    },
    {
      "UNICODE": "0x7436"
    },
    {
      "UNICODE": "0x7444"
    },
    {
      "UNICODE": "0x744B"
    },
    {
      "UNICODE": "0x745E"
    },
    {
      "UNICODE": "0x745F"
    },
    {
      "UNICODE": "0x7464"
    },
    {
      "UNICODE": "0x7469"
    },
    {
      "UNICODE": "0x7480"
    },
    {
      "UNICODE": "0x74AB"
    },
    {
      "UNICODE": "0x74CA"
    },
    {
      "UNICODE": "0x74CC"
    },
    {
      "UNICODE": "0x74CF"
    },
    {
      "UNICODE": "0x74DC"
    },
    {
      "UNICODE": "0x74E6"
    },
    {
      "UNICODE": "0x74F6"
    },
    {
      "UNICODE": "0x751F"
    },
    {
      "UNICODE": "0x7528"
    },
    {
      "UNICODE": "0x752B"
    },
    {
      "UNICODE": "0x7530"
    },
    {
      "UNICODE": "0x7532"
    },
    {
      "UNICODE": "0x7533"
    },
    {
      "UNICODE": "0x7537"
    },
    {
      "UNICODE": "0x7554"
    },
    {
      "UNICODE": "0x7559"
    },
    {
      "UNICODE": "0x756B"
    },
    {
      "UNICODE": "0x7570"
    },
    {
      "UNICODE": "0x7576"
    },
    {
      "UNICODE": "0x7591"
    },
    {
      "UNICODE": "0x75C5"
    },
    {
      "UNICODE": "0x767B"
    },
    {
      "UNICODE": "0x767C"
    },
    {
      "UNICODE": "0x767D"
    },
    {
      "UNICODE": "0x767E"
    },
    {
      "UNICODE": "0x7686"
    },
    {
      "UNICODE": "0x7687"
    },
    {
      "UNICODE": "0x768B"
    },
    {
      "UNICODE": "0x768E"
    },
    {
      "UNICODE": "0x7693"
    },
    {
      "UNICODE": "0x76DB"
    },
    {
      "UNICODE": "0x76E1"
    },
    {
      "UNICODE": "0x76E3"
    },
    {
      "UNICODE": "0x76E4"
    },
    {
      "UNICODE": "0x76E7"
    },
    {
      "UNICODE": "0x76EA"
    },
    {
      "UNICODE": "0x76F8"
    },
    {
      "UNICODE": "0x7704"
    },
    {
      "UNICODE": "0x7709"
    },
    {
      "UNICODE": "0x770B"
    },
    {
      "UNICODE": "0x771F"
    },
    {
      "UNICODE": "0x7720"
    },
    {
      "UNICODE": "0x7737"
    },
    {
      "UNICODE": "0x7738"
    },
    {
      "UNICODE": "0x773C"
    },
    {
      "UNICODE": "0x7747"
    },
    {
      "UNICODE": "0x775E"
    },
    {
      "UNICODE": "0x7761"
    },
    {
      "UNICODE": "0x7779"
    },
    {
      "UNICODE": "0x777F"
    },
    {
      "UNICODE": "0x77E5"
    },
    {
      "UNICODE": "0x77ED"
    },
    {
      "UNICODE": "0x7834"
    },
    {
      "UNICODE": "0x788E"
    },
    {
      "UNICODE": "0x78A7"
    },
    {
      "UNICODE": "0x78E8"
    },
    {
      "UNICODE": "0x795E"
    },
    {
      "UNICODE": "0x79AE"
    },
    {
      "UNICODE": "0x79BD"
    },
    {
      "UNICODE": "0x79C0"
    },
    {
      "UNICODE": "0x79C1"
    },
    {
      "UNICODE": "0x79CB"
    },
    {
      "UNICODE": "0x79E3"
    },
    {
      "UNICODE": "0x79FB"
    },
    {
      "UNICODE": "0x7A00"
    },
    {
      "UNICODE": "0x7A05"
    },
    {
      "UNICODE": "0x7A60"
    },
    {
      "UNICODE": "0x7A7A"
    },
    {
      "UNICODE": "0x7A81"
    },
    {
      "UNICODE": "0x7A97"
    },
    {
      "UNICODE": "0x7AAE"
    },
    {
      "UNICODE": "0x7ACB"
    },
    {
      "UNICODE": "0x7AE6"
    },
    {
      "UNICODE": "0x7AF9"
    },
    {
      "UNICODE": "0x7B11"
    },
    {
      "UNICODE": "0x7B19"
    },
    {
      "UNICODE": "0x7B1B"
    },
    {
      "UNICODE": "0x7B2C"
    },
    {
      "UNICODE": "0x7B49"
    },
    {
      "UNICODE": "0x7B56"
    },
    {
      "UNICODE": "0x7B94"
    },
    {
      "UNICODE": "0x7BA1"
    },
    {
      "UNICODE": "0x7BC0"
    },
    {
      "UNICODE": "0x7BE6"
    },
    {
      "UNICODE": "0x7C21"
    },
    {
      "UNICODE": "0x7C89"
    },
    {
      "UNICODE": "0x7CB2"
    },
    {
      "UNICODE": "0x7CBE"
    },
    {
      "UNICODE": "0x7D04"
    },
    {
      "UNICODE": "0x7D05"
    },
    {
      "UNICODE": "0x7D06"
    },
    {
      "UNICODE": "0x7D20"
    },
    {
      "UNICODE": "0x7D22"
    },
    {
      "UNICODE": "0x7D42"
    },
    {
      "UNICODE": "0x7D43"
    },
    {
      "UNICODE": "0x7D55"
    },
    {
      "UNICODE": "0x7D72"
    },
    {
      "UNICODE": "0x7D83"
    },
    {
      "UNICODE": "0x7D93"
    },
    {
      "UNICODE": "0x7DB1"
    },
    {
      "UNICODE": "0x7DB4"
    },
    {
      "UNICODE": "0x7DBD"
    },
    {
      "UNICODE": "0x7DBF"
    },
    {
      "UNICODE": "0x7DE9"
    },
    {
      "UNICODE": "0x7DF2"
    },
    {
      "UNICODE": "0x7E08"
    },
    {
      "UNICODE": "0x7E31"
    },
    {
      "UNICODE": "0x7E39"
    },
    {
      "UNICODE": "0x7E41"
    },
    {
      "UNICODE": "0x7E54"
    },
    {
      "UNICODE": "0x7E5E"
    },
    {
      "UNICODE": "0x7E8C"
    },
    {
      "UNICODE": "0x7E8F"
    },
    {
      "UNICODE": "0x7E96"
    },
    {
      "UNICODE": "0x7F77"
    },
    {
      "UNICODE": "0x7F85"
    },
    {
      "UNICODE": "0x7F8A"
    },
    {
      "UNICODE": "0x7F8C"
    },
    {
      "UNICODE": "0x7F8E"
    },
    {
      "UNICODE": "0x7FA4"
    },
    {
      "UNICODE": "0x7FBD"
    },
    {
      "UNICODE": "0x7FBF"
    },
    {
      "UNICODE": "0x7FD2"
    },
    {
      "UNICODE": "0x7FD4"
    },
    {
      "UNICODE": "0x7FE0"
    },
    {
      "UNICODE": "0x7FE1"
    },
    {
      "UNICODE": "0x7FE9"
    },
    {
      "UNICODE": "0x7FF3"
    },
    {
      "UNICODE": "0x7FF9"
    },
    {
      "UNICODE": "0x7FFB"
    },
    {
      "UNICODE": "0x7FFC"
    },
    {
      "UNICODE": "0x8000"
    },
    {
      "UNICODE": "0x8001"
    },
    {
      "UNICODE": "0x8005"
    },
    {
      "UNICODE": "0x800C"
    },
    {
      "UNICODE": "0x8033"
    },
    {
      "UNICODE": "0x803F"
    },
    {
      "UNICODE": "0x8056"
    },
    {
      "UNICODE": "0x805E"
    },
    {
      "UNICODE": "0x806F"
    },
    {
      "UNICODE": "0x8072"
    },
    {
      "UNICODE": "0x807D"
    },
    {
      "UNICODE": "0x8086"
    },
    {
      "UNICODE": "0x80A1"
    },
    {
      "UNICODE": "0x80A9"
    },
    {
      "UNICODE": "0x80CC"
    },
    {
      "UNICODE": "0x80E1"
    },
    {
      "UNICODE": "0x80FD"
    },
    {
      "UNICODE": "0x8102"
    },
    {
      "UNICODE": "0x8123"
    },
    {
      "UNICODE": "0x812B"
    },
    {
      "UNICODE": "0x8155"
    },
    {
      "UNICODE": "0x8170"
    },
    {
      "UNICODE": "0x8173"
    },
    {
      "UNICODE": "0x8178"
    },
    {
      "UNICODE": "0x819A"
    },
    {
      "UNICODE": "0x81E3"
    },
    {
      "UNICODE": "0x81E5"
    },
    {
      "UNICODE": "0x81E8"
    },
    {
      "UNICODE": "0x81EA"
    },
    {
      "UNICODE": "0x81F3"
    },
    {
      "UNICODE": "0x81F4"
    },
    {
      "UNICODE": "0x8207"
    },
    {
      "UNICODE": "0x8209"
    },
    {
      "UNICODE": "0x820A"
    },
    {
      "UNICODE": "0x820D"
    },
    {
      "UNICODE": "0x821E"
    },
    {
      "UNICODE": "0x821F"
    },
    {
      "UNICODE": "0x822B"
    },
    {
      "UNICODE": "0x8239"
    },
    {
      "UNICODE": "0x826F"
    },
    {
      "UNICODE": "0x8272"
    },
    {
      "UNICODE": "0x8299"
    },
    {
      "UNICODE": "0x829D"
    },
    {
      "UNICODE": "0x82A9"
    },
    {
      "UNICODE": "0x82B1"
    },
    {
      "UNICODE": "0x82B3"
    },
    {
      "UNICODE": "0x82D1"
    },
    {
      "UNICODE": "0x82E5"
    },
    {
      "UNICODE": "0x82E6"
    },
    {
      "UNICODE": "0x82F1"
    },
    {
      "UNICODE": "0x8302"
    },
    {
      "UNICODE": "0x832B"
    },
    {
      "UNICODE": "0x8336"
    },
    {
      "UNICODE": "0x8349"
    },
    {
      "UNICODE": "0x837B"
    },
    {
      "UNICODE": "0x83AB"
    },
    {
      "UNICODE": "0x83CA"
    },
    {
      "UNICODE": "0x83EF"
    },
    {
      "UNICODE": "0x840A"
    },
    {
      "UNICODE": "0x842C"
    },
    {
      "UNICODE": "0x843D"
    },
    {
      "UNICODE": "0x8449"
    },
    {
      "UNICODE": "0x8457"
    },
    {
      "UNICODE": "0x84C9"
    },
    {
      "UNICODE": "0x84EC"
    },
    {
      "UNICODE": "0x852D"
    },
    {
      "UNICODE": "0x853D"
    },
    {
      "UNICODE": "0x8556"
    },
    {
      "UNICODE": "0x856D"
    },
    {
      "UNICODE": "0x8584"
    },
    {
      "UNICODE": "0x85E9"
    },
    {
      "UNICODE": "0x85F9"
    },
    {
      "UNICODE": "0x8605"
    },
    {
      "UNICODE": "0x8606"
    },
    {
      "UNICODE": "0x862D"
    },
    {
      "UNICODE": "0x8655"
    },
    {
      "UNICODE": "0x865B"
    },
    {
      "UNICODE": "0x86FE"
    },
    {
      "UNICODE": "0x8700"
    },
    {
      "UNICODE": "0x8766"
    },
    {
      "UNICODE": "0x87A2"
    },
    {
      "UNICODE": "0x87C6"
    },
    {
      "UNICODE": "0x8840"
    },
    {
      "UNICODE": "0x8846"
    },
    {
      "UNICODE": "0x884C"
    },
    {
      "UNICODE": "0x885B"
    },
    {
      "UNICODE": "0x8863"
    },
    {
      "UNICODE": "0x8868"
    },
    {
      "UNICODE": "0x886B"
    },
    {
      "UNICODE": "0x8877"
    },
    {
      "UNICODE": "0x887E"
    },
    {
      "UNICODE": "0x8882"
    },
    {
      "UNICODE": "0x888D"
    },
    {
      "UNICODE": "0x8896"
    },
    {
      "UNICODE": "0x88AB"
    },
    {
      "UNICODE": "0x88BF"
    },
    {
      "UNICODE": "0x88C2"
    },
    {
      "UNICODE": "0x88D4"
    },
    {
      "UNICODE": "0x88D5"
    },
    {
      "UNICODE": "0x88D9"
    },
    {
      "UNICODE": "0x88E1"
    },
    {
      "UNICODE": "0x88F3"
    },
    {
      "UNICODE": "0x88FE"
    },
    {
      "UNICODE": "0x895F"
    },
    {
      "UNICODE": "0x896A"
    },
    {
      "UNICODE": "0x897F"
    },
    {
      "UNICODE": "0x8981"
    },
    {
      "UNICODE": "0x8986"
    },
    {
      "UNICODE": "0x898B"
    },
    {
      "UNICODE": "0x8993"
    },
    {
      "UNICODE": "0x89BA"
    },
    {
      "UNICODE": "0x89BF"
    },
    {
      "UNICODE": "0x89C0"
    },
    {
      "UNICODE": "0x89E3"
    },
    {
      "UNICODE": "0x8A00"
    },
    {
      "UNICODE": "0x8A17"
    },
    {
      "UNICODE": "0x8A34"
    },
    {
      "UNICODE": "0x8A3B"
    },
    {
      "UNICODE": "0x8A5E"
    },
    {
      "UNICODE": "0x8A60"
    },
    {
      "UNICODE": "0x8A69"
    },
    {
      "UNICODE": "0x8A93"
    },
    {
      "UNICODE": "0x8A9E"
    },
    {
      "UNICODE": "0x8AA0"
    },
    {
      "UNICODE": "0x8AAA"
    },
    {
      "UNICODE": "0x8AB0"
    },
    {
      "UNICODE": "0x8ABF"
    },
    {
      "UNICODE": "0x8B1D"
    },
    {
      "UNICODE": "0x8B2B"
    },
    {
      "UNICODE": "0x8B58"
    },
    {
      "UNICODE": "0x8B66"
    },
    {
      "UNICODE": "0x8B6F"
    },
    {
      "UNICODE": "0x8B7D"
    },
    {
      "UNICODE": "0x8C37"
    },
    {
      "UNICODE": "0x8C48"
    },
    {
      "UNICODE": "0x8C54"
    },
    {
      "UNICODE": "0x8C61"
    },
    {
      "UNICODE": "0x8C6B"
    },
    {
      "UNICODE": "0x8C6C"
    },
    {
      "UNICODE": "0x8C8C"
    },
    {
      "UNICODE": "0x8CB3"
    },
    {
      "UNICODE": "0x8CB7"
    },
    {
      "UNICODE": "0x8CC7"
    },
    {
      "UNICODE": "0x8CDC"
    },
    {
      "UNICODE": "0x8CDE"
    },
    {
      "UNICODE": "0x8CE2"
    },
    {
      "UNICODE": "0x8CE6"
    },
    {
      "UNICODE": "0x8CEA"
    },
    {
      "UNICODE": "0x8CF4"
    },
    {
      "UNICODE": "0x8D70"
    },
    {
      "UNICODE": "0x8D74"
    },
    {
      "UNICODE": "0x8D77"
    },
    {
      "UNICODE": "0x8D85"
    },
    {
      "UNICODE": "0x8D8A"
    },
    {
      "UNICODE": "0x8DB3"
    },
    {
      "UNICODE": "0x8DEF"
    },
    {
      "UNICODE": "0x8E0A"
    },
    {
      "UNICODE": "0x8E10"
    },
    {
      "UNICODE": "0x8E1F"
    },
    {
      "UNICODE": "0x8E87"
    },
    {
      "UNICODE": "0x8E8A"
    },
    {
      "UNICODE": "0x8E95"
    },
    {
      "UNICODE": "0x8EAB"
    },
    {
      "UNICODE": "0x8EC0"
    },
    {
      "UNICODE": "0x8ECA"
    },
    {
      "UNICODE": "0x8ECD"
    },
    {
      "UNICODE": "0x8EF8"
    },
    {
      "UNICODE": "0x8F09"
    },
    {
      "UNICODE": "0x8F14"
    },
    {
      "UNICODE": "0x8F15"
    },
    {
      "UNICODE": "0x8F3E"
    },
    {
      "UNICODE": "0x8F42"
    },
    {
      "UNICODE": "0x8F45"
    },
    {
      "UNICODE": "0x8F49"
    },
    {
      "UNICODE": "0x8F58"
    },
    {
      "UNICODE": "0x8F61"
    },
    {
      "UNICODE": "0x8FA8"
    },
    {
      "UNICODE": "0x8FAD"
    },
    {
      "UNICODE": "0x8FC5"
    },
    {
      "UNICODE": "0x8FD1"
    },
    {
      "UNICODE": "0x8FD4"
    },
    {
      "UNICODE": "0x8FE4"
    },
    {
      "UNICODE": "0x8FEB"
    },
    {
      "UNICODE": "0x8FF4"
    },
    {
      "UNICODE": "0x8FF7"
    },
    {
      "UNICODE": "0x8FF8"
    },
    {
      "UNICODE": "0x9001"
    },
    {
      "UNICODE": "0x901A"
    },
    {
      "UNICODE": "0x901D"
    },
    {
      "UNICODE": "0x9022"
    },
    {
      "UNICODE": "0x9023"
    },
    {
      "UNICODE": "0x9032"
    },
    {
      "UNICODE": "0x9038"
    },
    {
      "UNICODE": "0x9042"
    },
    {
      "UNICODE": "0x904A"
    },
    {
      "UNICODE": "0x904D"
    },
    {
      "UNICODE": "0x904E"
    },
    {
      "UNICODE": "0x9053"
    },
    {
      "UNICODE": "0x9054"
    },
    {
      "UNICODE": "0x905D"
    },
    {
      "UNICODE": "0x9060"
    },
    {
      "UNICODE": "0x9068"
    },
    {
      "UNICODE": "0x906E"
    },
    {
      "UNICODE": "0x9072"
    },
    {
      "UNICODE": "0x9078"
    },
    {
      "UNICODE": "0x907A"
    },
    {
      "UNICODE": "0x9080"
    },
    {
      "UNICODE": "0x9084"
    },
    {
      "UNICODE": "0x908A"
    },
    {
      "UNICODE": "0x9090"
    },
    {
      "UNICODE": "0x909B"
    },
    {
      "UNICODE": "0x90B1"
    },
    {
      "UNICODE": "0x90C1"
    },
    {
      "UNICODE": "0x90CE"
    },
    {
      "UNICODE": "0x90E8"
    },
    {
      "UNICODE": "0x90ED"
    },
    {
      "UNICODE": "0x90FD"
    },
    {
      "UNICODE": "0x9109"
    },
    {
      "UNICODE": "0x9152"
    },
    {
      "UNICODE": "0x9189"
    },
    {
      "UNICODE": "0x91CB"
    },
    {
      "UNICODE": "0x91CC"
    },
    {
      "UNICODE": "0x91CD"
    },
    {
      "UNICODE": "0x91D1"
    },
    {
      "UNICODE": "0x91F5"
    },
    {
      "UNICODE": "0x921E"
    },
    {
      "UNICODE": "0x9234"
    },
    {
      "UNICODE": "0x923F"
    },
    {
      "UNICODE": "0x925B"
    },
    {
      "UNICODE": "0x9280"
    },
    {
      "UNICODE": "0x932F"
    },
    {
      "UNICODE": "0x93E1"
    },
    {
      "UNICODE": "0x9418"
    },
    {
      "UNICODE": "0x9435"
    },
    {
      "UNICODE": "0x9577"
    },
    {
      "UNICODE": "0x9580"
    },
    {
      "UNICODE": "0x958B"
    },
    {
      "UNICODE": "0x9591"
    },
    {
      "UNICODE": "0x9592"
    },
    {
      "UNICODE": "0x9593"
    },
    {
      "UNICODE": "0x95A3"
    },
    {
      "UNICODE": "0x95A8"
    },
    {
      "UNICODE": "0x95C7"
    },
    {
      "UNICODE": "0x95CC"
    },
    {
      "UNICODE": "0x95D5"
    },
    {
      "UNICODE": "0x95DC"
    },
    {
      "UNICODE": "0x9632"
    },
    {
      "UNICODE": "0x963F"
    },
    {
      "UNICODE": "0x9650"
    },
    {
      "UNICODE": "0x9670"
    },
    {
      "UNICODE": "0x9673"
    },
    {
      "UNICODE": "0x9675"
    },
    {
      "UNICODE": "0x9678"
    },
    {
      "UNICODE": "0x967D"
    },
    {
      "UNICODE": "0x9685"
    },
    {
      "UNICODE": "0x968E"
    },
    {
      "UNICODE": "0x96C0"
    },
    {
      "UNICODE": "0x96C4"
    },
    {
      "UNICODE": "0x96CC"
    },
    {
      "UNICODE": "0x96D6"
    },
    {
      "UNICODE": "0x96D9"
    },
    {
      "UNICODE": "0x96DC"
    },
    {
      "UNICODE": "0x96E2"
    },
    {
      "UNICODE": "0x96E3"
    },
    {
      "UNICODE": "0x96E8"
    },
    {
      "UNICODE": "0x96EA"
    },
    {
      "UNICODE": "0x96F2"
    },
    {
      "UNICODE": "0x96F6"
    },
    {
      "UNICODE": "0x96FB"
    },
    {
      "UNICODE": "0x970D"
    },
    {
      "UNICODE": "0x9711"
    },
    {
      "UNICODE": "0x9713"
    },
    {
      "UNICODE": "0x971C"
    },
    {
      "UNICODE": "0x971E"
    },
    {
      "UNICODE": "0x9727"
    },
    {
      "UNICODE": "0x9732"
    },
    {
      "UNICODE": "0x9748"
    },
    {
      "UNICODE": "0x9752"
    },
    {
      "UNICODE": "0x975C"
    },
    {
      "UNICODE": "0x9761"
    },
    {
      "UNICODE": "0x9762"
    },
    {
      "UNICODE": "0x9768"
    },
    {
      "UNICODE": "0x978D"
    },
    {
      "UNICODE": "0x97AD"
    },
    {
      "UNICODE": "0x97C9"
    },
    {
      "UNICODE": "0x97CB"
    },
    {
      "UNICODE": "0x97F3"
    },
    {
      "UNICODE": "0x9805"
    },
    {
      "UNICODE": "0x9813"
    },
    {
      "UNICODE": "0x9818"
    },
    {
      "UNICODE": "0x982D"
    },
    {
      "UNICODE": "0x9838"
    },
    {
      "UNICODE": "0x984D"
    },
    {
      "UNICODE": "0x984F"
    },
    {
      "UNICODE": "0x9858"
    },
    {
      "UNICODE": "0x9867"
    },
    {
      "UNICODE": "0x98A8"
    },
    {
      "UNICODE": "0x98BB"
    },
    {
      "UNICODE": "0x98C4"
    },
    {
      "UNICODE": "0x98DB"
    },
    {
      "UNICODE": "0x98F2"
    },
    {
      "UNICODE": "0x98FE"
    },
    {
      "UNICODE": "0x990A"
    },
    {
      "UNICODE": "0x9910"
    },
    {
      "UNICODE": "0x9918"
    },
    {
      "UNICODE": "0x9996"
    },
    {
      "UNICODE": "0x99AC"
    },
    {
      "UNICODE": "0x99AD"
    },
    {
      "UNICODE": "0x99AE"
    },
    {
      "UNICODE": "0x99D5"
    },
    {
      "UNICODE": "0x99DD"
    },
    {
      "UNICODE": "0x99DF"
    },
    {
      "UNICODE": "0x99ED"
    },
    {
      "UNICODE": "0x99FF"
    },
    {
      "UNICODE": "0x9A0E"
    },
    {
      "UNICODE": "0x9A11"
    },
    {
      "UNICODE": "0x9A30"
    },
    {
      "UNICODE": "0x9A5A"
    },
    {
      "UNICODE": "0x9A6A"
    },
    {
      "UNICODE": "0x9AA8"
    },
    {
      "UNICODE": "0x9AD4"
    },
    {
      "UNICODE": "0x9AD8"
    },
    {
      "UNICODE": "0x9AE3"
    },
    {
      "UNICODE": "0x9AEE"
    },
    {
      "UNICODE": "0x9AF4"
    },
    {
      "UNICODE": "0x9AFB"
    },
    {
      "UNICODE": "0x9B06"
    },
    {
      "UNICODE": "0x9B22"
    },
    {
      "UNICODE": "0x9B42"
    },
    {
      "UNICODE": "0x9B44"
    },
    {
      "UNICODE": "0x9B5A"
    },
    {
      "UNICODE": "0x9BAE"
    },
    {
      "UNICODE": "0x9BE2"
    },
    {
      "UNICODE": "0x9BE8"
    },
    {
      "UNICODE": "0x9CE5"
    },
    {
      "UNICODE": "0x9CE7"
    },
    {
      "UNICODE": "0x9CF4"
    },
    {
      "UNICODE": "0x9D1B"
    },
    {
      "UNICODE": "0x9D26"
    },
    {
      "UNICODE": "0x9D3B"
    },
    {
      "UNICODE": "0x9D51"
    },
    {
      "UNICODE": "0x9DAF"
    },
    {
      "UNICODE": "0x9DB4"
    },
    {
      "UNICODE": "0x9E1E"
    },
    {
      "UNICODE": "0x9E97"
    },
    {
      "UNICODE": "0x9EC3"
    },
    {
      "UNICODE": "0x9ED1"
    },
    {
      "UNICODE": "0x9EDB"
    },
    {
      "UNICODE": "0x9EDE"
    },
    {
      "UNICODE": "0x9F13"
    },
    {
      "UNICODE": "0x9F19"
    },
    {
      "UNICODE": "0x9F4A"
    },
    {
      "UNICODE": "0x9F52"
    },
    {
      "UNICODE": "0x9F8D"
    },
    {
      "UNICODE": "0xFE3F"
    },
    {
      "UNICODE": "0xFE4F"
    },
    {
      "UNICODE": "0xFF01"
    },
    {
      "UNICODE": "0xFF02"
    },
    {
      "UNICODE": "0xFF03"
    },
    {
      "UNICODE": "0xFF04"
    },
    {
      "UNICODE": "0xFF05"
    },
    {
      "UNICODE": "0xFF06"
    },
    {
      "UNICODE": "0xFF08"
    },
    {
      "UNICODE": "0xFF09"
    },
    {
      "UNICODE": "0xFF0A"
    },
    {
      "UNICODE": "0xFF0B"
    },
    {
      "UNICODE": "0xFF0C"
    },
    {
      "UNICODE": "0xFF0D"
    },
    {
      "UNICODE": "0xFF0E"
    },
    {
      "UNICODE": "0xFF0F"
    },
    {
      "UNICODE": "0xFF10"
    },
    {
      "UNICODE": "0xFF11"
    },
    {
      "UNICODE": "0xFF12"
    },
    {
      "UNICODE": "0xFF13"
    },
    {
      "UNICODE": "0xFF14"
    },
    {
      "UNICODE": "0xFF15"
    },
    {
      "UNICODE": "0xFF16"
    },
    {
      "UNICODE": "0xFF17"
    },
    {
      "UNICODE": "0xFF18"
    },
    {
      "UNICODE": "0xFF19"
    },
    {
      "UNICODE": "0xFF1A"
    },
    {
      "UNICODE": "0xFF1B"
    },
    {
      "UNICODE": "0xFF1C"
    },
    {
      "UNICODE": "0xFF1D"
    },
    {
      "UNICODE": "0xFF1E"
    },
    {
      "UNICODE": "0xFF1F"
    },
    {
      "UNICODE": "0xFF20"
    },
    {
      "UNICODE": "0xFF21"
    },
    {
      "UNICODE": "0xFF22"
    },
    {
      "UNICODE": "0xFF23"
    },
    {
      "UNICODE": "0xFF24"
    },
    {
      "UNICODE": "0xFF25"
    },
    {
      "UNICODE": "0xFF26"
    },
    {
      "UNICODE": "0xFF27"
    },
    {
      "UNICODE": "0xFF28"
    },
    {
      "UNICODE": "0xFF29"
    },
    {
      "UNICODE": "0xFF2A"
    },
    {
      "UNICODE": "0xFF2B"
    },
    {
      "UNICODE": "0xFF2C"
    },
    {
      "UNICODE": "0xFF2D"
    },
    {
      "UNICODE": "0xFF2E"
    },
    {
      "UNICODE": "0xFF2F"
    },
    {
      "UNICODE": "0xFF30"
    },
    {
      "UNICODE": "0xFF31"
    },
    {
      "UNICODE": "0xFF32"
    },
    {
      "UNICODE": "0xFF33"
    },
    {
      "UNICODE": "0xFF34"
    },
    {
      "UNICODE": "0xFF35"
    },
    {
      "UNICODE": "0xFF36"
    },
    {
      "UNICODE": "0xFF37"
    },
    {
      "UNICODE": "0xFF38"
    },
    {
      "UNICODE": "0xFF39"
    },
    {
      "UNICODE": "0xFF3A"
    },
    {
      "UNICODE": "0xFF3B"
    },
    {
      "UNICODE": "0xFF3C"
    },
    {
      "UNICODE": "0xFF3D"
    },
    {
      "UNICODE": "0xFF3F"
    },
    {
      "UNICODE": "0xFF41"
    },
    {
      "UNICODE": "0xFF42"
    },
    {
      "UNICODE": "0xFF43"
    },
    {
      "UNICODE": "0xFF44"
    },
    {
      "UNICODE": "0xFF45"
    },
    {
      "UNICODE": "0xFF46"
    },
    {
      "UNICODE": "0xFF47"
    },
    {
      "UNICODE": "0xFF48"
    },
    {
      "UNICODE": "0xFF49"
    },
    {
      "UNICODE": "0xFF4A"
    },
    {
      "UNICODE": "0xFF4B"
    },
    {
      "UNICODE": "0xFF4C"
    },
    {
      "UNICODE": "0xFF4D"
    },
    {
      "UNICODE": "0xFF4E"
    },
    {
      "UNICODE": "0xFF4F"
    },
    {
      "UNICODE": "0xFF50"
    },
    {
      "UNICODE": "0xFF51"
    },
    {
      "UNICODE": "0xFF52"
    },
    {
      "UNICODE": "0xFF53"
    },
    {
      "UNICODE": "0xFF54"
    },
    {
      "UNICODE": "0xFF55"
    },
    {
      "UNICODE": "0xFF56"
    },
    {
      "UNICODE": "0xFF57"
    },
    {
      "UNICODE": "0xFF58"
    },
    {
      "UNICODE": "0xFF59"
    },
    {
      "UNICODE": "0xFF5A"
    },
    {
      "UNICODE": "0xFF5B"
    },
    {
      "UNICODE": "0xFF5C"
    },
    {
      "UNICODE": "0xFF5D"
    },
    {
      "UNICODE": "0xFF5E"
    }
  ]
}